rank,title,score,user_score,release_date
1,Half-Life 2,96,9.1,2004-11-16
2,The Orange Box,96,9.2,2007-10-10
3,Half-Life,96,9.0,1998-11-19
4,BioShock,96,8.5,2007-08-21
5,Portal 2,95,9.1,2011-04-18
6,Quake,94,8.8,1996-06-22
7,BioShock Infinite,94,8.6,2013-03-25
8,Half-Life: Alyx,93,9.1,2020-03-23
9,Unreal Tournament 2004,93,8.8,2004-03-16
10,Beat Saber,93,8.0,2019-05-21
11,Call of Duty 4: Modern Warfare,92,8.5,2007-11-05
12,Team Fortress 2,92,9.1,2007-10-10
13,Unreal Tournament (1999),92,9.0,1999-11-30
14,Medal of Honor: Allied Assault,91,8.6,2002-01-20
15,Overwatch,91,6.5,2016-05-23
16,Crysis,91,8.1,2007-11-13
17,Star Wars Jedi Knight: Dark Forces II,91,8.6,1997-10-09
18,The Operative: No One Lives Forever,91,8.7,2000-11-11
19,Battlefield 2,91,8.4,2005-06-21
20,Street Fighter IV,91,7.8,2009-07-01
21,Fez,91,6.7,2013-05-01
22,No One Lives Forever 2: A Spy in H.A.R.M.'s Way,91,8.7,2002-09-30
23,Mark of the Ninja,91,8.0,2012-10-16
24,Call of Duty,91,8.5,2003-10-29
25,World of Goo,90,8.4,2008-10-12
26,Return to Castle Wolfenstein: Enemy Territory,90,8.9,2003-05-29
27,Spelunky,90,7.2,2013-08-08
28,N++,90,7.3,2016-08-25
29,F.E.A.R. Combat,90,7.6,2006-08-17
30,Portal,90,9.2,2007-10-10
31,Metro: 2033 Redux,90,8.0,2014-08-25
32,Tadpole Treble,90,7.1,2016-09-02
33,Stephen's Sausage Roll,90,5.4,2016-04-18
34,Half-Life 2: Episode Two,90,9.1,2007-10-10
35,Braid,90,8.6,2009-04-10
36,F.E.A.R.,88,8.3,2005-10-17
37,Tribes 2,88,8.3,2001-03-28
38,Super Hexagon,88,8.3,2012-11-27
39,Far Cry 3,88,8.3,2012-12-04
40,Cuphead,88,8.2,2017-09-29
41,Return to Castle Wolfenstein,88,8.7,2001-11-19
42,Ori and the Blind Forest: Definitive Edition,88,8.8,2016-04-27
43,Shogo: Mobile Armor Division,88,8.4,1998-09-30
44,DOOM Eternal,88,7.4,2020-03-20
45,Apex Legends,88,5.9,2019-02-04
46,The Stanley Parable,88,8.0,2013-10-17
47,Guacamelee! Gold Edition,88,7.3,2013-08-08
48,BioShock 2,88,8.0,2010-02-09
49,Counter-Strike: Source,88,8.9,2004-10-07
50,Battlefield 1,88,7.1,2016-10-21
51,Counter-Strike,88,9.2,2000-11-08
52,Celeste,88,8.0,2018-01-25
53,Ori and the Blind Forest,88,8.7,2015-03-11
54,DOOM 3,87,7.7,2004-08-03
55,Super Meat Boy,87,8.2,2010-11-30
56,Oddworld: Abe's Oddysee - New 'n' Tasty,87,7.7,2015-02-25
57,Battlefield: Bad Company 2,87,8.3,2010-03-02
58,Crypt of the NecroDancer,87,7.7,2015-04-23
59,Half-Life 2: Episode One,87,8.6,2006-06-01
60,The Swapper,87,8.6,2013-05-30
61,Baba Is You,87,7.9,2019-03-13
62,Max Payne 3,87,7.7,2012-05-31
63,TowerFall Ascension,87,6.8,2014-03-11
64,Battlefield 3: Armored Kill,87,7.1,2012-09-11
65,Borderlands 2: Tiny Tina's Assault on Dragon Keep,87,8.5,2013-06-25
66,Orcs Must Die! Unchained,87,6.3,2017-04-19
67,Huntdown,87,7.9,2020-05-12
68,Brothers in Arms: Road to Hill 30,87,7.3,2005-03-15
69,Dead Space 2,87,8.4,2011-01-25
70,Raw Data,87,6.6,2017-10-05
71,Serious Sam: The First Encounter,87,8.4,2001-03-21
72,PlayerUnknown's Battlegrounds,86,4.7,2017-12-20
73,Thumper,86,7.6,2016-10-10
74,Bionic Commando Rearmed,86,6.7,2008-08-13
75,Titanfall 2,86,8.3,2016-10-28
76,Battlefield 3: Back to Karkand,86,7.3,2011-12-13
77,Heroes of the Storm,86,6.4,2015-06-02
78,Battlefield: Bad Company 2 Vietnam,86,8.0,2010-12-18
79,Call of Duty: Modern Warfare Remastered,86,6.4,2016-11-04
80,Injustice 2,86,7.7,2017-11-30
81,Tom Clancy's Rainbow Six,85,8.1,1998-08-21
82,GORN,85,6.8,2019-07-18
83,Tom Clancy's Rainbow Six: Vegas,85,7.7,2006-12-12
84,Clive Barker's Undying,85,8.8,2001-02-21
85,SWAT 4,85,8.6,2005-04-05
86,BlazBlue: Chrono Phantasma Extend,85,7.6,2016-03-02
87,Bit.Trip Presents...Runner2: Future Legend of Rhythm Alien,85,8.1,2013-02-26
88,Hotline Miami,85,8.5,2012-10-23
89,Giants: Citizen Kabuto,85,8.7,2000-12-06
90,Aliens Versus Predator 2,85,8.7,2001-10-31
91,Operation Flashpoint: Cold War Crisis,85,8.7,2001-08-30
92,The Binding of Isaac: Afterbirth,85,8.2,2015-10-30
93,America's Army: Special Forces,85,8.4,2003-11-06
94,Peggle Deluxe,85,7.9,2007-03-06
95,DmC: Devil May Cry,85,7.0,2013-01-24
96,Robo Recall,85,7.9,2017-03-01
97,SteamWorld Dig 2,85,8.3,2017-09-22
98,Far Cry 2,85,5.9,2008-10-21
99,AudioSurf,85,8.7,2008-02-15
100,Battlefield 3: Aftermath,85,7.7,2012-12-04
101,BattleBlock Theater,85,7.9,2014-05-15
102,Dragon Ball FighterZ,85,7.5,2018-01-26
103,Full Metal Furies,85,7.5,2018-01-17
104,Rogue Legacy,85,7.9,2013-06-27
105,Octahedron,85,7.3,2018-03-20
106,Shu,85,6.4,2016-10-04
107,Serious Sam: The Second Encounter,85,8.6,2002-02-04
108,DOOM,85,8.5,2016-05-13
109,Mighty Switch Force! Hyper Drive Edition,85,7.3,2015-06-25
110,Pinball FX 2,84,7.7,2012-10-27
111,Aliens Go Home Run,84,7.5,2017-01-27
112,PlanetSide 2,84,7.0,2012-11-20
113,Ikaruga,84,8.2,2014-02-18
114,Guilty Gear Xrd -SIGN-,84,7.6,2015-12-09
115,Destiny 2: Forsaken,84,6.0,2018-09-04
116,Black Mesa,84,8.8,2012-09-14
117,Super Street Fighter IV: Arcade Edition,84,7.7,2011-07-07
118,Giana Sisters: Twisted Dreams - Rise of the Owlverlord,84,8.0,2013-09-26
119,Devil Daggers,83,7.1,2016-02-18
120,One Finger Death Punch 2,83,8.3,2019-04-15
121,Terraria,83,8.7,2011-05-16
122,Destiny 2,83,4.0,2017-10-24
123,Tom Clancy's Rainbow Six 3: Raven Shield,83,8.7,2003-03-19
124,DOOM II,83,8.9,1994-09-30
125,Tales From Space: Mutant Blobs Attack,83,7.8,2012-08-15
126,Ibb & Obb,83,8.3,2014-05-26
127,Paladins,83,7.6,2018-05-08
128,Sunset Overdrive,83,7.3,2018-11-16
129,Orcs Must Die! 2,83,7.9,2012-07-30
130,Prey (2006),83,7.9,2006-07-11
131,Metal Gear Rising: Revengeance,83,8.0,2014-01-09
132,Helldivers,83,6.9,2015-12-07
133,Call of Duty: World at War,83,7.6,2008-11-10
134,Ape Out,83,6.8,2019-02-28
135,Valdis Story: Abyssal City,83,7.7,2013-09-08
136,Katana ZERO,83,8.9,2019-04-18
137,Skullgirls,83,7.9,2013-08-22
138,Freedom Planet,83,8.3,2014-07-21
139,Puzzle Quest 2,83,6.7,2010-08-12
140,The Messenger,83,7.5,2018-08-30
141,Cave Story Plus,83,8.2,2011-11-22
142,Tribes: Vengeance,83,7.7,2004-10-12
143,Broforce,83,8.0,2014-04-07
144,Pig Eat Ball,83,6.5,2018-09-26
145,Counter-Strike: Global Offensive,83,7.4,2012-08-21
146,The Floor is Jelly,83,6.2,2014-02-01
147,Terrian Saga: KR-17,83,8.2,2014-07-09
148,Slayaway Camp,83,7.6,2016-10-25
149,Red Faction: Guerrilla,82,7.6,2009-09-15
150,Duck Game,82,8.3,2015-06-04
151,Realm of the Mad God,82,7.1,2012-02-20
152,SUPERHOT,82,7.5,2016-02-25
153,Tekken 7,82,6.7,2017-06-01
154,Sokobond,82,7.5,2013-08-27
155,Mortal Kombat 11,82,2.8,2019-04-23
156,Octogeddon,82,7.4,2018-02-08
157,BLACKHOLE,82,7.7,2015-02-27
158,Tom Clancy's Ghost Recon: Desert Siege,82,6.7,2002-03-27
159,Metro Exodus,82,7.0,2019-02-15
160,Tom Clancy's Ghost Recon: Island Thunder,82,6.7,2002-09-25
161,Joe Danger 2: The Movie,82,7.2,2013-06-24
162,Ultra Street Fighter IV,82,7.1,2014-08-07
163,Momodora: Reverie Under the Moonlight,82,8.4,2016-03-04
164,Creepy Castle,82,6.6,2016-10-31
165,Warhammer: Vermintide 2,82,7.5,2018-03-08
166,Gears 5,82,6.7,2019-09-10
167,Joint Operations: Typhoon Rising,82,8.6,2004-06-15
168,Prey,82,8.1,2017-05-05
169,Remnant: From the Ashes - Swamps of Corsus,82,6.2,2020-04-28
170,Metro: Last Light,82,8.5,2013-05-13
171,Rising Storm,82,8.5,2013-05-30
172,Lethal League,82,7.7,2014-08-27
173,Plants vs Zombies: Garden Warfare 2,82,7.6,2016-02-23
174,She Remembered Caterpillars,82,5.9,2017-01-17
175,America's Army,82,5.8,2002-07-04
176,The Next Penelope,82,8.2,2015-05-29
177,Battlefield 1: In the Name of the Tsar,82,5.7,2017-09-05
178,Quake 4,81,7.6,2005-10-11
179,Nidhogg,81,6.8,2014-01-13
180,Battlefield 4,81,6.1,2013-10-29
181,Painkiller,81,8.1,2004-04-12
182,War Thunder,81,5.9,2013-08-15
183,The Walking Dead: Season Two Episode 3 - In Harm's Way,81,8.3,2014-05-13
184,VVVVVV,81,7.9,2010-01-11
185,Wolfenstein: The New Order,81,8.2,2014-05-19
186,Downwell,81,6.6,2015-10-15
187,Star Wars Jedi: Fallen Order,81,8.0,2019-11-15
188,Rising Storm 2: Vietnam,81,7.6,2017-05-30
189,Unruly Heroes,81,6.7,2019-01-23
190,SWAT 3: Elite Edition,81,8.0,2000-10-06
191,Arizona Sunshine,81,7.3,2016-12-05
192,Unravel,81,7.6,2016-02-09
193,Kalimba,81,7.2,2015-04-22
194,Under Night In-Birth Exe:Late,81,8.5,2016-07-12
195,The Pedestrian,81,7.6,2020-01-29
196,Fortnite,81,2.9,2017-07-25
197,Vessel,81,7.8,2012-03-01
198,Metro 2033,81,8.0,2010-03-16
199,The Walking Dead: Season Two Episode 2 - A House Divided,81,8.5,2014-03-04
200,Hunt: Showdown,81,7.3,2019-08-27
201,The Walking Dead: The Telltale Series - A New Frontier Episode 1: Ties That Bind Part One,81,7.1,2016-12-20
202,Borderlands,81,7.6,2009-10-26
203,Red Orchestra: Ostfront 41-45,81,8.6,2006-03-14
204,Waveform,81,7.3,2012-03-20
205,King Arthur's Gold,81,8.3,2011-09-04
206,Zombie Night Terror,81,7.8,2016-07-20
207,Rochard,81,7.9,2011-11-15
208,Overcooked!,81,7.8,2016-08-03
209,Mirror's Edge,81,8.0,2009-01-12
210,Motorsport Manager,81,8.3,2016-11-09
211,Battlefield V,81,2.9,2018-11-15
212,My Friend Pedro,81,7.9,2019-06-20
213,Star Wars Jedi Knight: Jedi Academy,81,8.6,2003-09-17
214,The Walking Dead: The Telltale Series - A New Frontier Episode 2: Ties That Bind Part Two,80,7.1,2016-12-20
215,Guacamelee! Super Turbo Championship Edition,80,7.2,2014-08-21
216,SWAT 4: The Stetchkov Syndicate,80,8.0,2006-02-28
217,Brutal Legend,80,7.8,2013-02-26
218,La-Mulana (Remake),80,7.2,2012-07-13
219,Trine,80,8.1,2009-07-02
220,Natural Selection 2,80,8.4,2012-10-30
221,Nimbus,80,7.9,2010-10-25
222,Borderlands 2: Captain Scarlett and Her Pirate's Booty,80,7.3,2012-10-16
223,Battle Chef Brigade,80,7.0,2017-11-20
224,Mekazoo,80,7.0,2016-11-14
225,Rampage Knights,80,8.5,2015-03-27
226,Circa Infinity,80,8.6,2015-09-09
227,Mushroom Wars,80,7.2,2016-04-07
228,Seraph,80,7.1,2016-09-20
229,BioShock: The Collection,80,7.3,2016-09-16
230,Moving Out,80,7.7,2020-04-28
231,Far Cry 4,80,6.8,2014-11-17
232,Day of Defeat: Source,80,9.1,2005-09-26
233,Super Time Force Ultra,80,6.5,2014-08-25
234,Battlefield 2142,80,6.8,2006-10-17
235,World of Tanks,80,3.6,2011-04-12
236,OneShot,80,8.7,2016-12-08
237,Penarium,80,7.2,2015-09-22
238,Cryptark,80,6.4,2017-06-20
239,Nidhogg 2,80,6.4,2017-08-15
240,Luftrausers,80,6.8,2014-03-18
241,Stealth Bastard Deluxe,80,7.7,2012-11-28
242,Naruto Shippuden: Ultimate Ninja Storm 3 Full Burst,80,8.1,2013-10-24
243,Tom Clancy's Ghost Recon Advanced Warfighter,80,7.7,2006-05-03
244,Stacking,80,7.7,2012-03-06
245,Candle,80,7.7,2016-11-11
246,Soldier of Fortune II: Double Helix,80,7.2,2002-05-20
247,Toki Tori,80,7.6,2010-01-28
248,RoboBlitz,80,7.7,2006-11-07
249,Overcooked! 2,80,7.6,2018-08-07
250,Gish,80,7.1,2004-09-17
251,Dungeons & Dragons: Chronicles of Mystara,80,6.9,2013-06-18
252,Chessmaster 8000,80,6.7,2000-11-14
253,FAR: Lone Sails,80,7.8,2018-05-17
254,BioShock Infinite: Burial at Sea - Episode Two,80,8.6,2014-03-25
255,S.T.A.L.K.E.R.: Call of Pripyat,80,8.7,2010-02-02
256,Noitu Love 2: Devolution,80,8.4,2008-04-18
257,The Walking Dead: Season Two - A Telltale Games Series,80,8.3,2013-12-17
258,The Wizards,80,7.5,2018-03-08
259,CAPSIZED,80,7.1,2011-04-29
260,140,80,7.3,2013-10-16
261,ZEN Pinball 2: The Walking Dead,80,4.1,2014-08-26
262,Dustforce,79,7.6,2012-01-17
263,Call of Duty: Warzone,79,3.4,2020-03-10
264,Brothers in Arms: Hell's Highway,79,7.6,2008-10-07
265,Pac-Man: Adventures in Time,79,8.6,2000-10-31
266,Splasher,79,6.8,2017-02-07
267,Warhammer: End Times - Vermintide,79,7.7,2015-10-23
268,Injustice: Gods Among Us - Ultimate Edition,79,7.6,2013-11-12
269,Jotun,79,6.6,2015-09-29
270,Bloodline Champions,79,7.7,2011-01-13
271,Super House of Dead Ninjas,79,8.3,2013-02-18
272,Fury Unleashed,79,7.5,2020-05-08
273,Payday 2,79,3.7,2013-08-13
274,Valiant Hearts: The Great War,79,8.6,2014-06-25
275,Earth Defense Force 4.1: The Shadow of New Despair,79,8.3,2016-07-18
276,Geometry Wars 3: Dimensions,79,6.2,2014-11-25
277,A Hat in Time,79,8.6,2017-10-05
278,Sang-Froid: Tales of Werewolves,79,7.7,2013-04-05
279,Call of Juarez: Gunslinger,79,8.2,2013-05-22
280,Ion Fury,79,6.2,2019-08-15
281,Day of Defeat,79,9.1,2003-05-06
282,Gato Roboto,79,6.9,2019-05-30
283,Fate/Extella Link,79,7.8,2019-03-19
284,Anarcute,79,7.3,2016-07-12
285,Assault Android Cactus,79,6.8,2015-09-23
286,Hue,79,7.4,2016-08-30
287,Heat Signature,79,7.5,2017-09-21
288,Tanglewood,79,8.0,2018-08-14
289,Arise: A Simple Story,79,7.6,2019-12-03
290,Chivalry: Medieval Warfare,79,7.7,2012-10-16
291,F.E.A.R. 2: Project Origin,79,7.7,2009-02-10
292,Altitude,79,8.5,2009-12-04
293,The Metronomicon,79,7.1,2016-09-01
294,Halo: Combat Evolved Anniversary,79,6.3,2020-03-03
295,Tom Clancy's Rainbow Six Siege,79,7.1,2015-12-01
296,EVERSPACE,79,7.3,2017-05-26
297,High Hell,79,7.3,2017-10-23
298,Tom Clancy's The Division 2: Warlords of New York,79,0.4,2020-03-03
299,Global Operations,79,7.7,2002-03-25
300,Madballs in Babo: Invasion,79,8.7,2009-09-17
301,Shadow Warrior 2,78,8.0,2016-10-13
302,Apotheon,78,7.7,2015-02-03
303,Star Wars: Battlefront II,78,8.6,2005-10-31
304,The Walking Dead: Season Two Episode 1 - All That Remains,78,8.5,2013-12-17
305,Star Trek: Elite Force II,78,7.5,2003-06-25
306,Zuma's Revenge!,78,7.5,2009-09-15
307,DOOM 3: Resurrection of Evil,78,6.9,2005-04-04
308,DeathSmiles,78,7.2,2016-03-10
309,Angry Birds VR: Isle of Pigs,78,4.3,2019-02-07
310,Transformers: Fall of Cybertron,78,7.9,2012-08-20
311,Vanquish,78,8.8,2017-05-25
312,Left 4 Dead: Crash Course,78,6.8,2009-09-29
313,Rocksmith,78,8.1,2012-10-16
314,Dragon Ball: Xenoverse 2,78,6.8,2016-10-27
315,Attack on Titan 2,78,6.4,2018-03-14
316,DeadCore,78,6.6,2013-08-13
317,Duke Nukem: Manhattan Project,78,7.8,2002-05-14
318,The Walking Dead: Season Two Episode 5 - No Going Back,78,8.5,2014-08-26
319,Wuppo,78,8.2,2016-09-29
320,Closure,78,6.5,2009-01-01
321,Call of Duty: Advanced Warfare,78,4.6,2014-11-03
322,Teleglitch: Die More Edition,78,7.0,2013-07-24
323,Project Warlock,78,8.7,2018-10-18
324,Sairento VR,78,7.7,2018-01-19
325,Tom Clancy's Rainbow Six: Vegas 2,78,7.4,2008-04-15
326,The Adventure Pals,78,7.1,2018-04-03
327,Warhammer 40000: Mechanicus,78,8.0,2018-11-15
328,Runner3,78,7.0,2018-05-22
329,The Lord of the Rings: The Return of the King,78,7.7,2003-10-31
330,Devil May Cry 4,78,8.6,2008-07-08
331,Sniper Elite 4,78,7.0,2017-02-14
332,Dead Space 3,78,6.1,2013-02-05
333,Running with Rifles,78,7.0,2012-06-13
334,The Missing: JJ Macfield and the Island of Memories,78,6.5,2018-10-11
335,Mushroom 11,78,7.2,2015-10-15
336,A Way Out,78,7.6,2018-03-23
337,Remnant: From the Ashes,78,6.8,2019-08-19
338,Pit People,78,8.0,2018-03-02
339,Armed and Dangerous,78,7.7,2003-12-02
340,Star Wars: Republic Commando,78,8.6,2005-03-01
341,Marvel's Guardians of the Galaxy: The Telltale Series,78,7.5,2017-04-18
342,So Many Me,78,7.1,2014-07-17
343,Heavy Metal: F.A.K.K. 2,78,7.7,2000-08-06
344,NightSky,78,7.1,2011-01-06
345,Call of Juarez: Bound in Blood,78,7.9,2009-06-30
346,The Walking Dead: Season Two Episode 4 - Amid the Ruins,78,8.1,2014-07-22
347,Joint Operations: Escalation,78,7.5,2004-11-19
348,The Mummy Demastered,78,6.2,2017-10-24
349,Plants vs Zombies: Garden Warfare,78,7.7,2014-06-24
350,Melty Blood Actress Again Current Code,78,7.5,2016-04-19
351,Medal of Honor: Airborne,78,7.3,2007-09-04
352,Red Faction,78,8.1,2001-09-17
353,Soundodger+,78,6.9,2013-10-11
354,Samurai Gunn,78,7.7,2013-12-10
355,The Walking Dead: 400 Days,78,7.6,2013-07-03
356,RiME,78,7.2,2017-05-26
357,Deadlight,78,7.4,2012-10-25
358,Far Cry 5,78,6.1,2018-03-27
359,Galak-Z: The Dimensional,78,6.0,2015-10-29
360,Awesomenauts,78,7.9,2012-08-01
361,Joe Dever's Lone Wolf HD Remastered,78,6.8,2014-11-27
362,Pac-Man Championship Edition 2,78,7.0,2016-09-13
363,Destiny 2: Shadowkeep,78,5.5,2019-10-01
364,Battlefield 3: End Game,78,7.4,2013-03-26
365,Sonic Generations,77,8.3,2011-11-03
366,Vacation Simulator,77,5.3,2019-04-09
367,Delta Force: Black Hawk Down,77,7.7,2003-03-23
368,ArmA II,77,7.5,2009-06-29
369,DeathSpank,77,7.6,2010-10-25
370,Operation Flashpoint: Resistance,77,8.7,2002-07-10
371,Zeno Clash,77,7.8,2009-04-21
372,Alien Swarm,77,8.2,2010-07-19
373,Giana Sisters: Twisted Dreams,77,7.7,2012-10-22
374,Figment,77,7.1,2017-09-22
375,Anomaly 2,77,7.7,2013-05-15
376,Element4l,77,7.7,2013-05-24
377,Green Hell,77,7.7,2019-09-05
378,Plants vs. Zombies: Battle for Neighborville,77,4.4,2019-10-18
379,Shadows: Awakening,77,7.3,2018-08-31
380,Thomas Was Alone,77,8.1,2012-06-30
381,Street Fighter V: Champion Edition,77,7.3,2020-02-14
382,Teslagrad,77,7.7,2013-12-13
383,The King of Fighters XIII: Steam Edition,77,8.0,2013-09-13
384,Space Junkies,77,4.6,2019-03-21
385,Child of Light,77,8.1,2014-04-29
386,Game of Thrones: Episode Three - The Sword in the Darkness,77,7.7,2015-03-24
387,Eldritch,77,6.7,2013-10-21
388,Sine Mora,77,7.3,2012-11-09
389,rymdkapsel,77,7.6,2014-01-30
390,Stealth Inc 2: A Game of Clones,77,6.1,2015-04-30
391,Lumo,77,6.0,2016-05-24
392,On Rusty Trails,77,6.5,2016-06-13
393,Blood: Fresh Supply,77,8.4,2019-05-09
394,Trover Saves the Universe,77,7.4,2019-06-04
395,Sanctum 2,77,7.6,2013-05-15
396,Section 8: Prejudice,77,7.6,2011-05-04
397,Ace Combat Assault Horizon: Enhanced Edition,77,5.9,2013-01-24
398,Bloodroots,77,5.8,2020-02-28
399,Angry Video Game Nerd Adventures,77,7.6,2013-09-20
400,Everyday Shooter,77,7.6,2006-03-29
401,Solo,77,6.6,2018-04-26
402,Evolve,77,4.3,2015-02-09
403,Day of Infamy,77,8.3,2016-07-28
404,X-Men Origins: Wolverine,77,7.9,2009-05-01
405,The Darkness II,77,7.6,2012-02-06
406,Actual Sunlight,77,6.5,2013-01-03
407,Battlefield 4: Second Assault,77,6.3,2013-12-03
408,Pix the Cat,77,7.5,2015-01-29
409,Stranglehold,77,7.3,2007-09-18
410,Risk of Rain,77,8.1,2013-11-08
411,LISA: The Painful,77,8.6,2014-12-15
412,Vietcong: Purple Haze,77,7.6,2004-01-28
413,Warriors Orochi 4,77,7.3,2018-10-15
414,Battlefield 2: Special Forces,77,7.7,2005-11-21
415,Battlefield 2142: Northern Strike,77,8.4,2007-03-08
416,Game of Thrones: Episode Four - Sons of Winter,77,7.7,2015-05-26
417,Toki Tori 2 +,76,7.6,2013-07-11
418,Q.U.B.E. 2,76,7.5,2018-03-13
419,LawBreakers,76,6.4,2017-08-04
420,Renegade Ops,76,7.4,2011-10-26
421,Tempest 4000,76,7.2,2018-07-17
422,Singularity,76,7.8,2010-06-29
423,SteamWorld Dig,76,7.3,2013-12-05
424,Mortal Kombat X,76,5.6,2015-04-13
425,Tom Clancy's Ghost Recon Advanced Warfighter 2,76,7.0,2007-07-17
426,Star Wars: Battlefront (2004),76,8.4,2004-09-20
427,Cat Quest II: The Lupus Empire,76,6.9,2019-09-24
428,Unravel Two,76,6.4,2018-06-09
429,Plain Sight,76,7.4,2010-04-05
430,Escape Goat 2,76,7.5,2014-03-24
431,Geometry Wars: Retro Evolved,76,8.7,2007-03-07
432,Crysis 3,76,6.7,2013-02-19
433,Hob,76,7.5,2017-09-26
434,Wolfenstein: The Old Blood,76,7.7,2015-05-05
435,Earth Defense Force 5,76,7.4,2019-07-11
436,Luckslinger,76,7.0,2015-07-16
437,Peggle Nights,76,7.7,2008-09-16
438,Aggelos,76,4.9,2018-06-19
439,Candleman: The Complete Journey,76,7.0,2018-01-31
440,Spec Ops: The Line,76,8.2,2012-06-25
441,House of the Dying Sun,76,7.6,2016-11-01
442,Project: Snowblind,76,6.5,2005-03-15
443,The Ship,76,7.1,2006-07-11
444,Budget Cuts,76,7.7,2018-06-14
445,Serious Sam HD: The Second Encounter,76,8.1,2010-04-28
446,Tower of Guns,76,7.2,2014-03-04
447,Metro: Last Light Redux,76,7.6,2014-08-25
448,DEADBOLT,76,7.9,2016-03-14
449,Bulletstorm: Full Clip Edition,76,7.2,2017-04-07
450,Red Orchestra 2: Heroes of Stalingrad,76,7.3,2011-09-13
451,Total Extreme Wrestling 2004,76,6.5,2004-03-31
452,Who's That Flying?!,76,6.3,2011-01-31
453,Audiosurf 2,76,7.1,2015-05-26
454,Serious Sam's Bogus Detour,76,8.5,2017-06-20
455,Mercenary Kings,76,6.5,2013-07-22
456,ShootMania Storm,76,7.3,2013-04-10
457,Feudal Alloy,76,7.2,2019-01-17
458,Payday: The Heist,76,7.7,2011-10-20
459,Furi,76,7.9,2016-07-05
460,Sniper Elite,76,7.6,2005-10-27
461,Super Monday Night Combat,76,3.7,2012-04-19
462,The Dream Machine,75,8.1,2010-12-14
463,Borderlands 2: Sir Hammerlock's Big Game Hunt,75,5.9,2013-01-15
464,Borderlands: The Pre-Sequel,75,6.2,2014-10-13
465,Prey: Mooncrash,75,6.4,2018-06-10
466,Drawn: Dark Flight,75,7.2,2010-08-31
467,Command & Conquer: Renegade,75,7.7,2002-02-27
468,Scribblenauts Unlimited,75,7.7,2012-11-19
469,Killing Floor 2,75,7.7,2016-11-18
470,Red Faction: Armageddon,75,6.7,2011-06-06
471,Rebel Galaxy,75,7.5,2015-10-20
472,S.T.A.L.K.E.R.: Clear Sky,75,7.7,2008-09-15
473,Flipping Death,75,6.3,2018-08-06
474,Seasons After Fall,75,7.1,2016-09-02
475,Ziggurat,75,7.8,2014-08-14
476,Blacklight: Retribution,75,7.5,2012-04-03
477,God's Trigger,75,8.3,2019-04-18
478,F.E.A.R. Extraction Point,75,7.5,2006-10-24
479,Tobe's Vertical Adventure,75,6.6,2011-07-18
480,MIND: Path to Thalamus,75,6.8,2014-08-05
481,Left 4 Dead 2: The Passing,75,7.5,2010-04-22
482,Unreal II: The Awakening,75,6.5,2003-02-03
483,Savage: The Battle for Newerth,75,7.6,2003-09-09
484,The Maw,75,7.2,2009-03-09
485,OIO The Game,75,5.6,2011-09-23
486,Ring Runner: Flight of the Sages,75,7.8,2013-07-09
487,Guilty Gear XX Accent Core Plus R,75,7.4,2015-05-26
488,Airscape: The Fall of Gravity,75,6.6,2015-08-11
489,Road to Ballhalla,75,7.1,2016-08-05
490,Giga Wrecker,75,7.7,2016-08-18
491,Police Stories,75,7.3,2019-09-19
492,Wulverblade,75,7.8,2018-01-30
493,Nongunz,75,8.1,2017-05-19
494,Painkiller: Battle out of Hell,75,7.7,2004-12-01
495,Star Conflict,75,7.0,2013-02-27
496,Savage 2: A Tortured Soul,75,8.8,2008-01-16
497,SiN Episodes: Emergence,75,8.1,2006-05-09
498,Transformers: War for Cybertron,75,7.8,2010-06-22
499,Gravity Ghost,75,7.3,2015-01-26
500,The Typing of the Dead,75,7.7,2001-09-23
501,Spider-Man: The Movie,75,7.4,2002-04-16
502,Ruiner,75,7.5,2017-09-26
503,Get Even,75,7.6,2017-06-20
504,Iron Brigade,75,5.3,2012-08-13
505,Not a Hero,75,6.9,2015-05-14
506,Bladed Fury,74,8.2,2018-12-17
507,Overload,74,7.5,2018-05-31
508,Shadowgrounds,74,7.0,2006-04-25
509,Edge (2011),74,7.4,2011-08-11
510,Party Hard 2,74,7.7,2018-10-25
511,Titan Souls,74,5.8,2015-04-14
512,Hitman: Contracts,74,7.7,2004-04-20
513,Vietcong (2003),74,8.5,2003-03-26
514,Bad North,74,6.7,2018-08-28
515,Kingdom,74,7.6,2015-10-21
516,Insurgency,74,8.5,2013-03-01
517,Hotline Miami 2: Wrong Number,74,7.6,2015-03-10
518,Guns Gore & Cannoli,74,7.6,2015-04-30
519,Budget Cuts 2: Mission Insolvency,74,7.1,2019-12-12
520,Black Future '88,74,7.3,2019-11-21
521,Far Cry Primal,74,5.5,2016-02-29
522,The Turing Test,74,6.8,2016-08-30
523,Rayman 3: Hoodlum Havoc,74,8.0,2003-03-18
524,Nantucket,74,7.4,2018-01-18
525,Warhammer 40000: Space Marine,74,7.5,2011-09-05
526,Ghostbusters: The Video Game,74,7.8,2009-06-16
527,Street Fighter V,74,3.1,2016-02-16
528,Hidden & Dangerous,74,7.7,1999-07-29
529,Fur Fighters,74,7.0,2000-11-24
530,Rocketbirds: Hardboiled Chicken,74,7.4,2012-10-15
531,Incredipede,74,6.6,2012-10-25
532,Zombie Vikings,74,8.4,2015-12-07
533,Sora,74,8.1,2016-01-05
534,Call of Duty: Modern Warfare 2 Campaign Remastered,74,7.8,2020-04-30
535,Unmechanical,74,7.7,2012-08-08
536,F.E.A.R. 3,74,5.8,2011-06-21
537,Snapshot,74,7.2,2012-08-30
538,Wolfenstein,74,7.3,2009-08-18
539,Action Henk,74,7.5,2015-05-11
540,Pikuniku,74,5.9,2019-01-24
541,TRI,74,7.4,2012-07-08
542,ArmA: Combat Operations,74,7.6,2007-05-04
543,Warhammer 40000: Deathwatch - Enhanced Edition,74,6.6,2015-10-16
544,Call of Duty: Black Ops II,74,4.5,2012-11-12
545,Darwin Project,74,6.7,2020-01-13
546,Transformers: Devastation,74,7.4,2015-10-06
547,Neon Chrome,74,7.4,2016-04-28
548,Eagle Flight,74,6.9,2016-10-13
549,Hulk,74,6.3,2003-05-27
550,Bit.Trip Fate,74,6.4,2013-07-11
551,A Pixel Story,74,5.8,2015-03-30
552,Rock of Ages,74,7.6,2011-09-07
553,Fortix 2,74,6.8,2011-05-06
554,Battlefield 4: Naval Strike,74,5.4,2014-04-15
555,Headlander,74,7.6,2016-07-26
556,Mirror's Edge Catalyst,74,5.2,2016-06-07
557,Pac-Man World 3,74,7.6,2005-12-08
558,Game of Thrones: Episode Five - A Nest of Vipers,74,6.7,2015-07-21
559,Puzzlegeddon,74,7.3,2008-11-27
560,Drox Operative,74,7.4,2012-11-29
561,They Bleed Pixels,74,7.5,2012-08-29
562,The Red Solstice,74,7.3,2015-07-09
563,Medal of Honor: Allied Assault - Spearhead,74,7.5,2002-11-12
564,Delta Force: Land Warrior,74,7.7,2000-11-07
565,AirBuccaneers,74,6.6,2012-12-05
566,Mirage: Arcane Warfare,74,3.7,2017-05-23
567,Degrees of Separation,74,6.3,2019-02-13
568,Game of Thrones: Episode Two - The Lost Lords,73,7.7,2015-02-03
569,Disney/Pixar Toy Story 3,73,6.9,2010-06-15
570,Shadow Warrior,73,8.0,2013-09-26
571,Far Cry New Dawn,73,3.7,2019-02-15
572,Life Goes On,73,7.2,2014-04-17
573,Sanity: Aiken's Artifact,73,7.0,2000-09-26
574,Fieldrunners 2,73,7.5,2013-01-10
575,MDK2 HD,73,6.3,2011-10-12
576,Scrolls,73,7.5,2014-12-12
577,Tesla vs Lovecraft,73,6.0,2018-01-26
578,Sheep,73,7.3,2000-11-29
579,Battle Princess Madelyn,73,6.7,2018-12-05
580,Hack 'n' Slash,73,5.3,2014-09-09
581,Bob Came in Pieces,73,4.8,2010-01-22
582,Battlefield 3: Close Quarters,73,6.9,2012-06-26
583,Yatagarasu: Attack on Cataclysm,73,5.0,2015-07-07
584,PixelJunk Shooter,73,7.6,2013-11-11
585,Lara Croft and the Temple of Osiris,73,5.6,2014-12-08
586,RIVE,73,6.2,2016-09-13
587,Borderlands: The Pre-Sequel - Claptastic Voyage and Ultimate Vault Hunter Upgrade Pack 2,73,5.3,2015-03-24
588,Dragon Quest Heroes: The World Tree's Woe and the Blight Below,73,7.1,2015-12-03
589,Dead or Alive 6,73,4.8,2019-03-01
590,Call of Duty: Infinite Warfare,73,3.6,2016-11-03
591,Strike Vector,73,7.7,2014-01-28
592,Super Splatters,73,8.3,2013-06-26
593,A Story About My Uncle,73,7.1,2012-07-30
594,Gears of War: Ultimate Edition for Windows 10,73,4.0,2016-03-01
595,Frontlines: Fuel of War,73,6.9,2008-02-25
596,Hard Reset,73,7.3,2011-09-13
597,Oni,73,8.5,2001-01-28
598,while True: learn,73,7.8,2019-01-17
599,RAGE 2,73,5.4,2019-05-13
600,HAWKEN,73,7.7,2012-12-12
601,0RBITALIS,73,7.3,2015-05-28
602,Vietcong: Fist Alpha,73,7.5,2004-02-04
603,Rad Rodgers,73,5.9,2018-02-21
604,Yooka-Laylee,73,6.5,2017-04-05
605,Fist Puncher,73,7.5,2013-06-21
606,MacGuffin's Curse,73,7.4,2012-04-19
607,Call of Duty: WWII,73,3.6,2017-11-02
608,Timespinner,73,6.1,2018-09-25
609,Fe,73,4.8,2018-02-16
610,Call of Duty: Black Ops III,73,3.1,2015-11-05
611,War of the Roses,73,5.8,2012-10-02
612,Madagascar,73,7.7,2005-05-24
613,Gigantic Army,73,6.4,2014-02-05
614,Divekick,73,6.7,2013-08-20
615,Secret Ponchos: Most Wanted,73,7.7,2015-10-13
616,Death Road to Canada,73,8.1,2016-07-21
617,The Curious Tale of the Stolen Pets,73,8.3,2019-11-14
618,MouseCraft,72,6.8,2014-07-08
619,Blood II: The Chosen,72,7.3,1998-10-31
620,Cloudbuilt,72,7.7,2014-03-20
621,Total Overdose: A Gunslinger's Tale in Mexico,72,7.6,2005-09-27
622,Call of Juarez,72,7.7,2007-06-12
623,Planet Alpha,72,8.2,2018-09-04
624,Medal of Honor,72,6.4,2010-10-12
625,Section 8,72,6.9,2009-08-25
626,Duke Nukem 3D: 20th Anniversary World Tour,72,6.7,2016-10-11
627,Black The Fall,72,6.8,2014-07-04
628,Gateways,72,7.6,2012-09-12
629,Dark Messiah of Might and Magic,72,8.7,2006-10-24
630,Heavy Bullets,72,7.6,2014-05-15
631,Borderlands 3: Guns Love and Tentacles,72,5.3,2020-03-26
632,Hammerwatch,72,7.4,2013-08-12
633,Halo 2,72,5.8,2007-05-31
634,The Sum of All Fears,72,7.2,2002-05-28
635,Zeit Squared,72,4.5,2011-01-12
636,Burn Zombie Burn,72,4.4,2010-08-12
637,Mevo & the Grooveriders,72,6.0,2009-03-20
638,Never Alone,72,6.3,2014-11-18
639,Marvel's Guardians of the Galaxy - Episode 3: More Than A Feeling,72,7.0,2017-08-22
640,XIII,72,7.7,2003-11-18
641,The Last Tinker: City of Colors,72,6.8,2014-05-12
642,Zombie Army Trilogy,72,7.1,2015-03-06
643,Tetrobot and Co.,72,7.6,2013-10-22
644,Far Cry 5: Hours of Darkness,72,4.4,2018-06-05
645,Shank 2,72,6.4,2012-02-07
646,Killing Floor,72,8.6,2009-05-14
647,10 Second Ninja,72,7.1,2014-03-05
648,Marvel's Guardians of the Galaxy - Episode 2: Under Pressure,72,5.8,2017-06-06
649,Frogger 2: Swampy's Revenge,72,8.3,2000-10-01
650,Lost Orbit,72,8.4,2015-05-12
651,Madden NFL 20,72,1.4,2019-08-02
652,Screencheat,71,7.3,2014-10-21
653,You Must Build A Boat,71,6.9,2015-06-04
654,Senran Kagura: Estival Versus,71,7.2,2017-03-17
655,Island Xtreme Stunts,71,5.3,2002-11-30
656,The Typing of the Dead: Overkill,71,7.6,2013-10-29
657,Arktika.1,71,8.3,2017-10-10
658,Bionic Dues,71,7.6,2013-10-08
659,Max & the Magic Marker,71,5.6,2010-02-08
660,The Escapists,71,6.9,2015-02-13
661,I Hate Running Backwards,71,8.2,2018-05-22
662,Battlefield 2: Euro Force,71,6.7,2006-03-15
663,Marvel's Guardians of the Galaxy - Episode 4: Who Needs You,71,6.3,2017-10-10
664,Snake Pass,71,7.5,2017-03-28
665,Street Fighter X Mega Man,71,8.6,2012-12-17
666,Tom Clancy's Ghost Recon: Future Soldier,71,5.1,2012-06-26
667,Battlefield Hardline,71,4.1,2015-03-17
668,Disney's Chicken Little,71,6.6,2005-11-02
669,OVIVO,71,7.2,2017-05-12
670,SD Gundam G Generation Cross Rays,71,7.6,2019-11-27
671,Nuclear Dawn,71,7.5,2011-09-22
672,Dynasty Warriors 8: Xtreme Legends Complete Edition,71,7.1,2014-05-13
673,TimeShift,71,7.5,2007-10-30
674,KISS: Psycho Circus - The Nightmare Child,71,7.3,2000-07-18
675,Half-Life: Blue Shift,71,8.2,2001-06-11
676,FOTONICA,71,7.0,2011-10-06
677,Crazy Machines 3,71,6.5,2016-10-18
678,Exit the Gungeon,71,6.6,2020-03-17
679,Combat Arms,71,4.9,2008-07-10
680,Sniper Ghost Warrior Contracts,71,6.6,2019-11-22
681,Men of Valor,71,6.0,2004-10-29
682,Sniper Elite III,71,6.9,2014-06-27
683,DreamWorks Kung Fu Panda,71,6.7,2008-06-03
684,39 Days to Mars,71,3.9,2018-04-25
685,Hector: Badge of Carnage - Episode 3: Beyond Reasonable Doom,70,6.5,2011-09-22
686,Harold,70,6.0,2015-02-12
687,Nosferatu: The Wrath of Malachi,70,7.4,2003-10-19
688,H1Z1,70,4.1,2018-02-28
689,Lead and Gold: Gangs of the Wild West,70,8.2,2010-04-08
690,Sanctum (2011),70,6.7,2011-04-15
691,Brigador,70,7.7,2016-06-02
692,007: Quantum of Solace,70,6.0,2008-11-04
693,Dead Rising 3: Apocalypse Edition,70,5.6,2014-09-05
694,Ionball 2: Ionstorm,70,6.2,2014-06-06
695,Tokyo 42,70,7.0,2017-05-31
696,Dead Synchronicity: Tomorrow Comes Today,70,7.6,2015-04-10
697,Brink,70,6.0,2011-05-09
698,Tom Clancy's Ghost Recon Phantoms,70,6.4,2012-08-15
699,Delta Force: Black Hawk Down - Team Sabre,70,7.3,2004-01-20
700,Shiftlings,70,6.2,2015-03-03
701,Mr. Shifty,70,6.1,2017-04-13
702,Rogue Trooper,69,7.8,2006-05-23
703,Your Doodles Are Bugged!,69,5.3,2011-04-25
704,Wolfenstein: Youngblood,69,2.2,2019-07-26
705,Chrome,69,6.9,2003-10-28
706,Light Fall,69,6.8,2018-04-26
707,Sorcery! Parts 1 and 2,69,8.0,2016-02-02
708,The Walking Dead: The Telltale Series - A New Frontier,69,6.5,2016-12-20
709,Battleborn,69,7.1,2016-05-03
710,99Vidas,69,8.2,2016-12-22
711,Guitar Hero: Aerosmith,69,6.3,2008-10-17
712,BioShock Infinite: Clash in the Clouds,69,6.5,2013-07-30
713,Gladiator: Sword of Vengeance,69,7.5,2003-11-18
714,Disney Castle of Illusion starring Mickey Mouse,69,6.8,2013-09-04
715,Lumini,69,7.0,2015-09-03
716,Override: Mech City Brawl,69,8.0,2018-12-03
717,Albert & Otto: The Adventure Begins,69,6.4,2015-10-28
718,Rifter,69,7.2,2018-07-12
719,Rigid Force Alpha,69,8.4,2018-08-31
720,Battlefield Heroes,69,6.0,2009-06-25
721,Forgotten Realms: Demon Stone,69,6.2,2004-12-09
722,Cobalt,69,6.8,2016-02-02
723,Tannenberg,69,7.3,2019-02-13
724,Chivalry: Deadliest Warrior,69,7.4,2013-11-14
725,Pariah,69,5.9,2005-05-03
726,Oblitus,69,7.0,2015-02-27
727,Foul Play,69,5.9,2013-09-18
728,Quake III: Team Arena,69,7.6,2000-12-18
729,Gumboy Crazy Adventures,69,5.0,2006-12-19
730,World of Warplanes,69,5.3,2013-07-02
731,Glare,69,6.5,2013-10-10
732,FOX n FORESTS,69,7.4,2018-05-17
733,Warframe,69,8.4,2013-03-25
734,Thunder Wolves,69,7.1,2013-05-15
735,Borderlands: Claptrap's New Robot Revolution,69,6.3,2010-09-28
736,Aurion: Legacy of the Kori-Odan,69,7.8,2016-04-14
737,Dead or Alive 5 Last Round,69,5.4,2015-03-30
738,Hover: Revolt Of Gamers,69,8.8,2017-05-31
739,Syndicate (2012),69,5.9,2012-02-21
740,Marvel vs. Capcom: Infinite,69,5.3,2017-09-19
741,My Memory of Us,69,6.4,2018-10-09
742,Earth Defense Force: Insect Armageddon,69,6.9,2011-12-14
743,Bloodsports.TV,69,6.2,2015-03-30
